{"stats":{"minecraft:killed_by":{"minecraft:wolf":1,"minecraft:stray":1,"minecraft:polar_bear":1,"minecraft:creeper":2,"minecraft:guardian":1},"minecraft:dropped":{"minecraft:lapis_lazuli":8,"minecraft:crafting_table":1,"minecraft:wooden_pickaxe":2,"minecraft:spruce_sapling":2},"minecraft:killed":{"minecraft:cow":1},"minecraft:custom":{"minecraft:time_since_rest":117,"minecraft:sprint_one_cm":108185,"minecraft:damage_taken":2670,"minecraft:walk_one_cm":77199,"minecraft:mob_kills":1,"minecraft:drop":6,"minecraft:damage_dealt":304,"minecraft:swim_one_cm":16789,"minecraft:interact_with_crafting_table":7,"minecraft:fly_one_cm":112195,"minecraft:player_kills":1,"minecraft:open_chest":2,"minecraft:crouch_one_cm":1635,"minecraft:play_time":38580,"minecraft:deaths":10,"minecraft:sneak_time":958,"minecraft:walk_under_water_one_cm":7192,"minecraft:boat_one_cm":92700,"minecraft:jump":645,"minecraft:interact_with_brewingstand":1,"minecraft:leave_game":1,"minecraft:walk_on_water_one_cm":8568,"minecraft:time_since_death":76,"minecraft:sleep_in_bed":1,"minecraft:climb_one_cm":679,"minecraft:total_world_time":38580,"minecraft:fall_one_cm":26157},"minecraft:used":{"minecraft:spruce_boat":7,"minecraft:wooden_axe":4,"minecraft:stone_pickaxe":21,"minecraft:wooden_pickaxe":5,"minecraft:spruce_sapling":2,"minecraft:stone_axe":1,"minecraft:dirt":1,"minecraft:beef":1,"minecraft:crafting_table":3},"minecraft:crafted":{"minecraft:crafting_table":2,"minecraft:spruce_planks":72,"minecraft:stick":12,"minecraft:wooden_pickaxe":2,"minecraft:stone_pickaxe":1,"minecraft:wooden_axe":1,"minecraft:spruce_boat":1,"minecraft:stone_axe":1},"minecraft:picked_up":{"minecraft:raw_iron":11,"minecraft:crafting_table":5,"minecraft:wooden_pickaxe":1,"minecraft:red_bed":1,"minecraft:brewing_stand":1,"minecraft:spruce_sapling":4,"minecraft:spruce_log":20,"minecraft:dirt":1,"minecraft:lapis_lazuli":8,"minecraft:white_carpet":2,"minecraft:spruce_boat":6,"minecraft:beef":3,"minecraft:redstone_torch":1,"minecraft:light_gray_carpet":1,"minecraft:coal":6,"minecraft:cobblestone":6,"minecraft:furnace":1},"minecraft:mined":{"minecraft:large_fern":1,"minecraft:light_gray_carpet":1,"minecraft:furnace":1,"minecraft:red_bed":1,"minecraft:redstone_torch":1,"minecraft:iron_ore":2,"minecraft:ice":1,"minecraft:white_carpet":2,"minecraft:spruce_log":20,"minecraft:brewing_stand":1,"minecraft:deepslate_lapis_ore":1,"minecraft:crafting_table":4,"minecraft:grass_block":1,"minecraft:coal_ore":6,"minecraft:deepslate_iron_ore":9,"minecraft:packed_ice":1,"minecraft:spruce_leaves":11,"minecraft:stone":6,"minecraft:fern":1}},"DataVersion":3465}