{"stats":{"minecraft:killed":{"minecraft:witch":2,"minecraft:spider":6,"minecraft:horse":7,"minecraft:skeleton":9,"minecraft:chicken":2,"minecraft:cat":1,"minecraft:pig":6,"minecraft:salmon":1,"minecraft:iron_golem":6,"minecraft:creeper":2,"minecraft:sheep":12,"minecraft:zombie":16,"minecraft:cow":20},"minecraft:picked_up":{"minecraft:iron_chestplate":13,"minecraft:crafting_table":7,"minecraft:wheat":20,"minecraft:anvil":2,"minecraft:chicken":1,"minecraft:ladder":6,"minecraft:clay_ball":448,"minecraft:diamond_sword":14,"minecraft:wooden_pickaxe":2,"minecraft:oak_stairs":81,"minecraft:shield":18,"minecraft:cornflower":1,"minecraft:string":10,"minecraft:red_bed":3,"minecraft:raw_copper":15,"minecraft:iron_axe":5,"minecraft:flint_and_steel":15,"minecraft:iron_leggings":20,"minecraft:compass":3,"minecraft:iron_shovel":5,"minecraft:beetroot":8,"minecraft:diamond_leggings":5,"minecraft:gold_nugget":96,"minecraft:cobbled_deepslate":1023,"minecraft:spruce_planks":57,"minecraft:beef":23,"minecraft:redstone_torch":1,"minecraft:poppy":15,"minecraft:iron_pickaxe":12,"minecraft:light_gray_wool":1,"minecraft:lectern":8,"minecraft:sugar_cane":125,"minecraft:furnace":9,"minecraft:iron_boots":4,"minecraft:egg":1,"minecraft:raw_iron":101,"minecraft:stick":426,"minecraft:oak_door":12,"minecraft:composter":1,"minecraft:oak_fence":38,"minecraft:torch":62,"minecraft:porkchop":17,"minecraft:diorite":22,"minecraft:carrot":76,"minecraft:arrow":216,"minecraft:rotten_flesh":42,"minecraft:beetroot_seeds":14,"minecraft:diamond_boots":7,"minecraft:mutton":19,"minecraft:white_wool":18,"minecraft:cobblestone":1063,"minecraft:stripped_oak_log":2,"minecraft:feather":4,"minecraft:cooked_beef":6,"minecraft:water_bucket":2,"minecraft:andesite":19,"minecraft:leather":52,"minecraft:golden_leggings":3,"minecraft:potato":63,"minecraft:flint":3,"minecraft:tuff":5,"minecraft:oak_log":898,"minecraft:golden_boots":12,"minecraft:gunpowder":5,"minecraft:cobblestone_stairs":1,"minecraft:lapis_lazuli":159,"minecraft:dirt":214,"minecraft:cooked_mutton":4,"minecraft:leather_boots":5,"minecraft:bone":32,"minecraft:apple":12,"minecraft:bow":14,"minecraft:wheat_seeds":118,"minecraft:raw_gold":24,"minecraft:bell":1,"minecraft:iron_ingot":125,"minecraft:oak_fence_gate":1,"minecraft:stripped_oak_wood":1,"minecraft:oak_planks":132,"minecraft:iron_sword":3,"minecraft:book":72,"minecraft:oak_slab":2,"minecraft:pumpkin":16,"minecraft:dandelion":13,"minecraft:gravel":20,"minecraft:sand":23,"minecraft:white_bed":13,"minecraft:spruce_log":14,"minecraft:spider_eye":4,"minecraft:mossy_cobblestone":12,"minecraft:diamond_shovel":15,"minecraft:diamond":134,"minecraft:spruce_boat":6,"minecraft:iron_helmet":8,"minecraft:granite":31,"minecraft:diamond_axe":5,"minecraft:gray_wool":1,"minecraft:emerald":212,"minecraft:bread":70,"minecraft:baked_potato":7,"minecraft:oak_sapling":36,"minecraft:coal":408,"minecraft:diamond_pickaxe":10},"minecraft:dropped":{"minecraft:golden_boots":3,"minecraft:iron_ingot":22,"minecraft:iron_sword":1,"minecraft:wheat_seeds":53,"minecraft:diamond":42,"minecraft:diamond_leggings":1,"minecraft:iron_helmet":2,"minecraft:feather":4,"minecraft:cobblestone":11,"minecraft:leather":8,"minecraft:apple":3,"minecraft:granite":11,"minecraft:coal":51,"minecraft:emerald":48,"minecraft:stick":78,"minecraft:dirt":17,"minecraft:diorite":3,"minecraft:mutton":2,"minecraft:iron_leggings":3,"minecraft:oak_stairs":4,"minecraft:gold_nugget":12,"minecraft:pumpkin":16,"minecraft:iron_pickaxe":2,"minecraft:string":4,"minecraft:white_wool":9,"minecraft:dandelion":3,"minecraft:bone":9,"minecraft:oak_door":8,"minecraft:gravel":10,"minecraft:compass":3,"minecraft:cobbled_deepslate":28,"minecraft:raw_copper":3,"minecraft:beetroot":4,"minecraft:chicken":1,"minecraft:rotten_flesh":8,"minecraft:iron_boots":2,"minecraft:clay_ball":64,"minecraft:oak_planks":1,"minecraft:stripped_oak_log":1,"minecraft:flint_and_steel":2,"minecraft:filled_map":1,"minecraft:diamond_sword":3,"minecraft:poppy":4,"minecraft:potato":21,"minecraft:gunpowder":3,"minecraft:oak_button":8,"minecraft:diamond_pickaxe":1,"minecraft:iron_chestplate":4,"minecraft:andesite":3,"minecraft:leather_boots":3,"minecraft:oak_sapling":11,"minecraft:ladder":3,"minecraft:diamond_boots":1,"minecraft:arrow":3,"minecraft:raw_gold":6},"minecraft:custom":{"minecraft:mob_kills":94,"minecraft:interact_with_crafting_table":40,"minecraft:open_barrel":1,"minecraft:bell_ring":52,"minecraft:leave_game":5,"minecraft:time_since_death":94380,"minecraft:climb_one_cm":3997,"minecraft:sprint_one_cm":714347,"minecraft:walk_one_cm":553113,"minecraft:damage_blocked_by_shield":4334,"minecraft:drop":105,"minecraft:damage_dealt_absorbed":20,"minecraft:talked_to_villager":43,"minecraft:play_time":330737,"minecraft:sneak_time":17842,"minecraft:deaths":20,"minecraft:walk_under_water_one_cm":32608,"minecraft:boat_one_cm":77109,"minecraft:jump":6932,"minecraft:walk_on_water_one_cm":51084,"minecraft:total_world_time":330737,"minecraft:interact_with_furnace":43,"minecraft:traded_with_villager":80,"minecraft:sleep_in_bed":22,"minecraft:time_since_rest":27081,"minecraft:damage_taken":10071,"minecraft:damage_dealt":21049,"minecraft:player_kills":10,"minecraft:swim_one_cm":67602,"minecraft:fly_one_cm":1557078,"minecraft:open_chest":29,"minecraft:crouch_one_cm":27187,"minecraft:fall_one_cm":152715},"minecraft:killed_by":{"minecraft:player":20},"minecraft:used":{"minecraft:iron_shovel":10,"minecraft:flint_and_steel":56,"minecraft:spruce_planks":5,"minecraft:shield":71,"minecraft:bell":1,"minecraft:torch":18,"minecraft:dirt":78,"minecraft:anvil":3,"minecraft:carrot":10,"minecraft:tuff":5,"minecraft:granite":9,"minecraft:oak_fence_gate":1,"minecraft:spruce_boat":6,"minecraft:iron_axe":482,"minecraft:iron_helmet":2,"minecraft:bow":19,"minecraft:oak_sapling":19,"minecraft:furnace":6,"minecraft:egg":1,"minecraft:cooked_beef":5,"minecraft:cobbled_deepslate":184,"minecraft:iron_leggings":4,"minecraft:cooked_mutton":6,"minecraft:water_bucket":18,"minecraft:diorite":13,"minecraft:cobblestone_stairs":1,"minecraft:stone_pickaxe":131,"minecraft:oak_planks":28,"minecraft:leather_boots":1,"minecraft:wooden_pickaxe":15,"minecraft:diamond_axe":555,"minecraft:fletching_table":1,"minecraft:mossy_cobblestone":6,"minecraft:sand":7,"minecraft:red_bed":4,"minecraft:oak_slab":1,"minecraft:crafting_table":10,"minecraft:white_bed":8,"minecraft:oak_log":45,"minecraft:diamond_pickaxe":536,"minecraft:diamond_shovel":255,"minecraft:iron_pickaxe":792,"minecraft:bread":67,"minecraft:lectern":6,"minecraft:gravel":10,"minecraft:diamond_sword":401,"minecraft:cobblestone":468,"minecraft:cooked_porkchop":13,"minecraft:andesite":16,"minecraft:bucket":19},"minecraft:crafted":{"minecraft:oak_planks":960,"minecraft:furnace":1,"minecraft:diamond_shovel":1,"minecraft:cooked_mutton":4,"minecraft:flint_and_steel":1,"minecraft:diamond_helmet":1,"minecraft:bow":2,"minecraft:iron_boots":1,"minecraft:iron_axe":3,"minecraft:stone_pickaxe":1,"minecraft:diamond_boots":1,"minecraft:oak_button":8,"minecraft:spruce_boat":1,"minecraft:cooked_beef":5,"minecraft:red_dye":3,"minecraft:diamond_sword":1,"minecraft:emerald":59,"minecraft:cooked_porkchop":14,"minecraft:crafting_table":4,"minecraft:spruce_planks":56,"minecraft:wooden_pickaxe":1,"minecraft:iron_helmet":2,"minecraft:red_bed":1,"minecraft:red_wool":3,"minecraft:fletching_table":1,"minecraft:bucket":1,"minecraft:enchanted_book":5,"minecraft:bread":96,"minecraft:air":0,"minecraft:oak_fence_gate":1,"minecraft:iron_chestplate":2,"minecraft:diamond_pickaxe":2,"minecraft:shield":2,"minecraft:stick":1924,"minecraft:iron_ingot":38,"minecraft:iron_pickaxe":5,"minecraft:iron_block":3,"minecraft:iron_leggings":1,"minecraft:anvil":1,"minecraft:torch":200,"minecraft:diamond_chestplate":1},"minecraft:mined":{"minecraft:diamond_ore":1,"minecraft:tuff":6,"minecraft:spruce_planks":5,"minecraft:white_bed":7,"minecraft:oak_sapling":1,"minecraft:farmland":43,"minecraft:mossy_cobblestone":7,"minecraft:deepslate_diamond_ore":91,"minecraft:oak_door":3,"minecraft:cobblestone_stairs":1,"minecraft:ladder":6,"minecraft:granite":20,"minecraft:grass_block":95,"minecraft:spruce_leaves":1,"minecraft:composter":2,"minecraft:carrots":18,"minecraft:furnace":5,"minecraft:iron_ore":40,"minecraft:fire":28,"minecraft:cobbled_deepslate":35,"minecraft:andesite":13,"minecraft:pumpkin":21,"minecraft:anvil":2,"minecraft:deepslate_lapis_ore":4,"minecraft:bookshelf":4,"minecraft:potatoes":9,"minecraft:deepslate_iron_ore":2,"minecraft:dirt_path":7,"minecraft:oak_stairs":80,"minecraft:stripped_oak_log":1,"minecraft:stone":492,"minecraft:oak_slab":1,"minecraft:glass_pane":7,"minecraft:red_bed":3,"minecraft:cornflower":1,"minecraft:dandelion":1,"minecraft:clay":16,"minecraft:oak_fence":57,"minecraft:crafting_table":7,"minecraft:torch":5,"minecraft:poppy":3,"minecraft:lectern":7,"minecraft:copper_ore":1,"minecraft:tall_grass":41,"minecraft:cobblestone":124,"minecraft:lapis_ore":4,"minecraft:oak_planks":83,"minecraft:sugar_cane":8,"minecraft:wall_torch":2,"minecraft:diorite":16,"minecraft:redstone_torch":1,"minecraft:wheat":29,"minecraft:ice":1,"minecraft:spruce_log":14,"minecraft:birch_leaves":1,"minecraft:stripped_oak_wood":2,"minecraft:yellow_bed":1,"minecraft:grass":205,"minecraft:coal_ore":67,"minecraft:oak_log":588,"minecraft:beetroots":6,"minecraft:oak_fence_gate":1,"minecraft:gravel":21,"minecraft:sand":22,"minecraft:dirt":77,"minecraft:gold_ore":6,"minecraft:mossy_stone_bricks":1,"minecraft:oak_leaves":73,"minecraft:deepslate":405},"minecraft:broken":{"minecraft:stone_pickaxe":1,"minecraft:iron_axe":1,"minecraft:iron_pickaxe":2}},"DataVersion":3465}