{"stats":{"minecraft:killed":{"minecraft:witch":1,"minecraft:spider":1,"minecraft:skeleton":1,"minecraft:chicken":2,"minecraft:drowned":1,"minecraft:cat":1,"minecraft:iron_golem":5,"minecraft:creeper":1,"minecraft:zombie":5,"minecraft:villager":1,"minecraft:cow":2},"minecraft:picked_up":{"minecraft:iron_chestplate":11,"minecraft:crafting_table":9,"minecraft:wheat":5,"minecraft:chicken":2,"minecraft:clay_ball":384,"minecraft:diamond_sword":7,"minecraft:wooden_pickaxe":2,"minecraft:oak_stairs":48,"minecraft:shield":5,"minecraft:string":3,"minecraft:red_bed":4,"minecraft:raw_copper":6,"minecraft:iron_axe":5,"minecraft:flint_and_steel":11,"minecraft:iron_leggings":4,"minecraft:compass":4,"minecraft:white_carpet":9,"minecraft:iron_shovel":3,"minecraft:beetroot":16,"minecraft:diamond_leggings":6,"minecraft:smooth_stone":1,"minecraft:gold_nugget":48,"minecraft:cobbled_deepslate":834,"minecraft:spruce_planks":52,"minecraft:redstone_torch":2,"minecraft:iron_nugget":10,"minecraft:poppy":5,"minecraft:iron_pickaxe":6,"minecraft:lectern":9,"minecraft:sugar_cane":81,"minecraft:iron_boots":3,"minecraft:furnace":6,"minecraft:stick":91,"minecraft:raw_iron":115,"minecraft:oak_door":8,"minecraft:composter":1,"minecraft:oak_fence":2,"minecraft:torch":81,"minecraft:diorite":30,"minecraft:carrot":54,"minecraft:arrow":58,"minecraft:rotten_flesh":53,"minecraft:beetroot_seeds":16,"minecraft:diamond_boots":11,"minecraft:white_terracotta":1,"minecraft:obsidian":3,"minecraft:snowball":14,"minecraft:white_wool":1,"minecraft:cobblestone":810,"minecraft:stripped_oak_log":15,"minecraft:feather":2,"minecraft:cooked_beef":4,"minecraft:water_bucket":1,"minecraft:andesite":27,"minecraft:leather":29,"minecraft:golden_leggings":4,"minecraft:potato":82,"minecraft:filled_map":1,"minecraft:flint":1,"minecraft:tuff":5,"minecraft:oak_log":371,"minecraft:golden_boots":16,"minecraft:lapis_lazuli":53,"minecraft:dirt":95,"minecraft:cooked_mutton":2,"minecraft:leather_boots":7,"minecraft:bone":12,"minecraft:apple":10,"minecraft:kelp":1,"minecraft:bow":8,"minecraft:wheat_seeds":23,"minecraft:raw_gold":6,"minecraft:bell":1,"minecraft:iron_ingot":143,"minecraft:iron_sword":7,"minecraft:oak_planks":19,"minecraft:oak_slab":2,"minecraft:cooked_porkchop":2,"minecraft:dandelion":6,"minecraft:poisonous_potato":4,"minecraft:sand":26,"minecraft:white_bed":6,"minecraft:spider_eye":5,"minecraft:diamond_shovel":5,"minecraft:diamond":104,"minecraft:spruce_boat":5,"minecraft:iron_helmet":13,"minecraft:granite":30,"minecraft:diamond_axe":6,"minecraft:golden_apple":2,"minecraft:emerald":93,"minecraft:bread":63,"minecraft:baked_potato":37,"minecraft:oak_sapling":5,"minecraft:netherrack":4,"minecraft:coal":182,"minecraft:diamond_pickaxe":12},"minecraft:dropped":{"minecraft:golden_boots":10,"minecraft:iron_ingot":37,"minecraft:bread":35,"minecraft:iron_sword":3,"minecraft:wheat_seeds":16,"minecraft:oak_log":26,"minecraft:diamond":25,"minecraft:diamond_leggings":1,"minecraft:poisonous_potato":1,"minecraft:iron_helmet":4,"minecraft:feather":2,"minecraft:cobblestone":84,"minecraft:leather":12,"minecraft:flint":1,"minecraft:stick":7,"minecraft:dirt":11,"minecraft:diorite":1,"minecraft:iron_leggings":1,"minecraft:oak_stairs":16,"minecraft:gold_nugget":24,"minecraft:sand":4,"minecraft:iron_axe":4,"minecraft:iron_pickaxe":1,"minecraft:iron_shovel":2,"minecraft:string":3,"minecraft:white_wool":1,"minecraft:oak_door":4,"minecraft:kelp":1,"minecraft:compass":3,"minecraft:sugar_cane":25,"minecraft:cobbled_deepslate":64,"minecraft:beetroot":5,"minecraft:rotten_flesh":22,"minecraft:clay_ball":192,"minecraft:oak_planks":14,"minecraft:iron_boots":2,"minecraft:diamond_shovel":1,"minecraft:flint_and_steel":2,"minecraft:filled_map":2,"minecraft:diamond_sword":2,"minecraft:poppy":1,"minecraft:potato":28,"minecraft:spruce_boat":1,"minecraft:shield":2,"minecraft:spruce_planks":13,"minecraft:diamond_pickaxe":3,"minecraft:iron_chestplate":4,"minecraft:beetroot_seeds":12,"minecraft:leather_boots":3,"minecraft:golden_leggings":2,"minecraft:oak_sapling":2,"minecraft:spider_eye":2,"minecraft:diamond_boots":3,"minecraft:bow":2},"minecraft:custom":{"minecraft:mob_kills":22,"minecraft:interact_with_crafting_table":23,"minecraft:bell_ring":15,"minecraft:leave_game":48,"minecraft:time_since_death":83630,"minecraft:climb_one_cm":4913,"minecraft:sprint_one_cm":593127,"minecraft:walk_one_cm":734953,"minecraft:damage_blocked_by_shield":2369,"minecraft:drop":124,"minecraft:talked_to_villager":44,"minecraft:play_time":271610,"minecraft:sneak_time":17217,"minecraft:deaths":19,"minecraft:walk_under_water_one_cm":20158,"minecraft:boat_one_cm":208248,"minecraft:jump":3715,"minecraft:walk_on_water_one_cm":25700,"minecraft:total_world_time":271610,"minecraft:interact_with_furnace":14,"minecraft:traded_with_villager":52,"minecraft:interact_with_cartography_table":2,"minecraft:sleep_in_bed":16,"minecraft:time_since_rest":1596,"minecraft:damage_absorbed":120,"minecraft:damage_taken":8625,"minecraft:damage_dealt":12304,"minecraft:player_kills":22,"minecraft:swim_one_cm":60279,"minecraft:fly_one_cm":631857,"minecraft:open_chest":34,"minecraft:crouch_one_cm":33188,"minecraft:fall_one_cm":90799},"minecraft:killed_by":{"minecraft:player":11,"minecraft:creeper":1,"minecraft:skeleton":1,"minecraft:zombie":2},"minecraft:used":{"minecraft:flint_and_steel":136,"minecraft:poppy":2,"minecraft:spruce_planks":7,"minecraft:shield":36,"minecraft:white_terracotta":1,"minecraft:iron_sword":10,"minecraft:bell":1,"minecraft:torch":48,"minecraft:rotten_flesh":2,"minecraft:netherrack":4,"minecraft:iron_chestplate":4,"minecraft:dirt":41,"minecraft:white_carpet":3,"minecraft:carrot":23,"minecraft:tuff":5,"minecraft:granite":30,"minecraft:snowball":16,"minecraft:obsidian":7,"minecraft:spruce_boat":4,"minecraft:iron_axe":19,"minecraft:iron_helmet":5,"minecraft:iron_boots":2,"minecraft:golden_sword":35,"minecraft:bow":33,"minecraft:furnace":5,"minecraft:potato":24,"minecraft:cooked_beef":4,"minecraft:cobbled_deepslate":204,"minecraft:iron_leggings":1,"minecraft:golden_boots":4,"minecraft:diorite":26,"minecraft:diamond_boots":3,"minecraft:stone_pickaxe":68,"minecraft:baked_potato":4,"minecraft:composter":1,"minecraft:diamond_axe":299,"minecraft:leather_boots":1,"minecraft:golden_apple":3,"minecraft:sand":18,"minecraft:oak_slab":1,"minecraft:crafting_table":8,"minecraft:red_bed":2,"minecraft:white_bed":4,"minecraft:cod":1,"minecraft:oak_log":76,"minecraft:redstone_torch":1,"minecraft:diamond_pickaxe":103,"minecraft:apple":5,"minecraft:diamond_shovel":4,"minecraft:chicken":2,"minecraft:iron_pickaxe":532,"minecraft:map":1,"minecraft:lectern":7,"minecraft:bread":30,"minecraft:golden_leggings":1,"minecraft:diamond_sword":41,"minecraft:fire_charge":1,"minecraft:cobblestone":122,"minecraft:cooked_porkchop":1,"minecraft:andesite":21,"minecraft:stripped_oak_log":3,"minecraft:diamond_leggings":1,"minecraft:smooth_stone":1},"minecraft:crafted":{"minecraft:oak_planks":696,"minecraft:furnace":3,"minecraft:diamond_shovel":1,"minecraft:bow":2,"minecraft:diamond_helmet":1,"minecraft:diamond_leggings":2,"minecraft:iron_axe":1,"minecraft:stone_pickaxe":1,"minecraft:diamond_boots":1,"minecraft:diamond_sword":1,"minecraft:emerald":41,"minecraft:arrow":80,"minecraft:diamond_axe":2,"minecraft:crafting_table":2,"minecraft:iron_helmet":1,"minecraft:enchanted_book":2,"minecraft:bread":12,"minecraft:air":0,"minecraft:iron_chestplate":1,"minecraft:diamond_pickaxe":2,"minecraft:shield":2,"minecraft:stick":1388,"minecraft:iron_ingot":46,"minecraft:iron_pickaxe":2,"minecraft:diamond_chestplate":1},"minecraft:mined":{"minecraft:tuff":5,"minecraft:white_bed":4,"minecraft:deepslate_diamond_ore":79,"minecraft:granite":30,"minecraft:grass_block":4,"minecraft:spruce_leaves":5,"minecraft:kelp":1,"minecraft:smooth_stone":2,"minecraft:carrots":1,"minecraft:furnace":2,"minecraft:iron_ore":64,"minecraft:fire":19,"minecraft:cobbled_deepslate":10,"minecraft:andesite":28,"minecraft:bell":2,"minecraft:potatoes":1,"minecraft:deepslate_iron_ore":4,"minecraft:stripped_oak_log":15,"minecraft:stone":152,"minecraft:oak_slab":1,"minecraft:glass_pane":1,"minecraft:red_bed":3,"minecraft:crafting_table":5,"minecraft:lectern":6,"minecraft:tall_grass":3,"minecraft:cobblestone":15,"minecraft:oak_planks":5,"minecraft:wall_torch":3,"minecraft:diorite":26,"minecraft:white_terracotta":1,"minecraft:redstone_torch":1,"minecraft:wheat":9,"minecraft:white_carpet":4,"minecraft:grass":23,"minecraft:coal_ore":19,"minecraft:oak_log":142,"minecraft:beetroots":3,"minecraft:gravel":1,"minecraft:sand":7,"minecraft:dirt":19,"minecraft:deepslate":229},"minecraft:broken":{"minecraft:flint_and_steel":2,"minecraft:golden_sword":1,"minecraft:iron_pickaxe":3,"minecraft:iron_helmet":1}},"DataVersion":3465}