{"stats":{"minecraft:custom":{"minecraft:jump":26,"minecraft:open_chest":1,"minecraft:time_since_rest":10778,"minecraft:leave_game":6,"minecraft:play_time":10778,"minecraft:sprint_one_cm":1929,"minecraft:damage_taken":130,"minecraft:time_since_death":10778,"minecraft:walk_one_cm":6333,"minecraft:total_world_time":10778,"minecraft:fall_one_cm":1591,"minecraft:fly_one_cm":14896},"minecraft:used":{"minecraft:spruce_planks":1,"minecraft:iron_chestplate":1,"minecraft:iron_helmet":1,"minecraft:iron_boots":1,"minecraft:iron_leggings":1}},"DataVersion":3465}