{"stats":{"minecraft:killed":{"minecraft:spider":8,"minecraft:skeleton":7,"minecraft:iron_golem":1,"minecraft:creeper":6,"minecraft:zombie":18,"minecraft:villager":8},"minecraft:picked_up":{"minecraft:iron_chestplate":4,"minecraft:wheat":18,"minecraft:ladder":3,"minecraft:gold_block":3,"minecraft:brewing_stand":1,"minecraft:golden_sword":2,"minecraft:oak_trapdoor":2,"minecraft:string":14,"minecraft:red_bed":1,"minecraft:iron_axe":2,"minecraft:flint_and_steel":3,"minecraft:iron_leggings":3,"minecraft:iron_shovel":1,"minecraft:beetroot":2,"minecraft:cobbled_deepslate":3,"minecraft:smooth_stone":1,"minecraft:spruce_planks":56,"minecraft:redstone_torch":4,"minecraft:iron_nugget":42,"minecraft:poppy":2,"minecraft:iron_pickaxe":4,"minecraft:sugar_cane":13,"minecraft:chest":1,"minecraft:iron_boots":2,"minecraft:furnace":3,"minecraft:composter":2,"minecraft:oak_fence":1,"minecraft:torch":16,"minecraft:snow_block":1,"minecraft:diorite":3,"minecraft:carrot":58,"minecraft:arrow":6,"minecraft:rotten_flesh":5,"minecraft:beetroot_seeds":8,"minecraft:hay_block":130,"minecraft:snowball":43,"minecraft:cobblestone":194,"minecraft:stripped_oak_log":1,"minecraft:tripwire_hook":4,"minecraft:water_bucket":2,"minecraft:andesite":28,"minecraft:leather":7,"minecraft:potato":24,"minecraft:filled_map":1,"minecraft:oak_log":168,"minecraft:yellow_bed":12,"minecraft:golden_boots":4,"minecraft:gunpowder":7,"minecraft:lapis_lazuli":53,"minecraft:dirt":331,"minecraft:leather_boots":1,"minecraft:bone":9,"minecraft:wheat_seeds":35,"minecraft:bell":1,"minecraft:oak_fence_gate":1,"minecraft:iron_ingot":208,"minecraft:fletching_table":2,"minecraft:iron_sword":6,"minecraft:oak_planks":108,"minecraft:oak_slab":64,"minecraft:dandelion":1,"minecraft:sand":7,"minecraft:blast_furnace":1,"minecraft:white_bed":55,"minecraft:spruce_log":7,"minecraft:spruce_door":3,"minecraft:spider_eye":3,"minecraft:spruce_boat":12,"minecraft:lever":1,"minecraft:iron_helmet":3,"minecraft:granite":6,"minecraft:bread":628,"minecraft:oak_sapling":2,"minecraft:coal":197},"minecraft:dropped":{"minecraft:water_bucket":1,"minecraft:iron_ingot":18,"minecraft:bread":97,"minecraft:iron_sword":2,"minecraft:wheat_seeds":19,"minecraft:baked_potato":10,"minecraft:iron_helmet":1,"minecraft:cobblestone":18,"minecraft:snowball":9,"minecraft:iron_leggings":1,"minecraft:iron_axe":1,"minecraft:string":1,"minecraft:iron_nugget":16,"minecraft:iron_boots":1,"minecraft:white_bed":3,"minecraft:flint_and_steel":1,"minecraft:potato":3,"minecraft:spruce_boat":1,"minecraft:gunpowder":1,"minecraft:iron_chestplate":2,"minecraft:andesite":7,"minecraft:beetroot_seeds":3,"minecraft:leather_boots":1,"minecraft:redstone_torch":2},"minecraft:custom":{"minecraft:mob_kills":50,"minecraft:animals_bred":6,"minecraft:interact_with_crafting_table":27,"minecraft:leave_game":20,"minecraft:time_since_death":173012,"minecraft:climb_one_cm":10070,"minecraft:sprint_one_cm":471642,"minecraft:walk_one_cm":960778,"minecraft:damage_blocked_by_shield":435,"minecraft:drop":53,"minecraft:talked_to_villager":28,"minecraft:play_time":327626,"minecraft:deaths":4,"minecraft:sneak_time":7700,"minecraft:walk_under_water_one_cm":40720,"minecraft:boat_one_cm":730747,"minecraft:jump":3117,"minecraft:interact_with_blast_furnace":1,"minecraft:walk_on_water_one_cm":43704,"minecraft:total_world_time":327626,"minecraft:interact_with_furnace":9,"minecraft:sleep_in_bed":17,"minecraft:time_since_rest":19989,"minecraft:damage_taken":3438,"minecraft:damage_dealt":10608,"minecraft:swim_one_cm":3530,"minecraft:fly_one_cm":818781,"minecraft:player_kills":1,"minecraft:open_chest":38,"minecraft:crouch_one_cm":30184,"minecraft:fall_one_cm":62786},"minecraft:killed_by":{"minecraft:skeleton":3},"minecraft:used":{"minecraft:oak_fence":1,"minecraft:oak_trapdoor":2,"minecraft:beetroot":2,"minecraft:iron_shovel":156,"minecraft:flint_and_steel":43,"minecraft:spruce_slab":1,"minecraft:ladder":6,"minecraft:chest":3,"minecraft:spruce_planks":147,"minecraft:shield":16,"minecraft:iron_sword":174,"minecraft:stone":217,"minecraft:zombie_spawn_egg":1,"minecraft:iron_chestplate":1,"minecraft:torch":112,"minecraft:brewing_stand":1,"minecraft:dirt":358,"minecraft:carrot":29,"minecraft:granite":6,"minecraft:spruce_boat":10,"minecraft:villager_spawn_egg":17,"minecraft:iron_axe":397,"minecraft:spawner":1,"minecraft:iron_helmet":1,"minecraft:iron_boots":2,"minecraft:bedrock":5,"minecraft:tripwire_hook":4,"minecraft:hay_block":2,"minecraft:furnace":5,"minecraft:potato":2,"minecraft:iron_leggings":1,"minecraft:water_bucket":27,"minecraft:diorite":3,"minecraft:spruce_door":3,"minecraft:snow_block":1,"minecraft:baked_potato":10,"minecraft:oak_planks":422,"minecraft:composter":2,"minecraft:fletching_table":3,"minecraft:sand":3,"minecraft:oak_slab":186,"minecraft:crafting_table":4,"minecraft:red_bed":1,"minecraft:blast_furnace":2,"minecraft:white_bed":54,"minecraft:sponge":3,"minecraft:shears":1,"minecraft:redstone_torch":2,"minecraft:lever":1,"minecraft:diamond_pickaxe":7,"minecraft:iron_pickaxe":133,"minecraft:bread":42,"minecraft:string":9,"minecraft:lectern":2,"minecraft:deepslate":16,"minecraft:gravel":1,"minecraft:diamond_sword":3,"minecraft:cobblestone":59,"minecraft:bucket":27,"minecraft:yellow_bed":12,"minecraft:bone_meal":3},"minecraft:crafted":{"minecraft:oak_planks":552,"minecraft:furnace":2,"minecraft:lever":1,"minecraft:bone_meal":3,"minecraft:oak_trapdoor":2,"minecraft:iron_axe":1,"minecraft:ladder":6,"minecraft:chest":2,"minecraft:spruce_boat":2,"minecraft:wheat":883,"minecraft:oak_slab":220,"minecraft:crafting_table":3,"minecraft:spruce_planks":28,"minecraft:baked_potato":20,"minecraft:iron_sword":2,"minecraft:fletching_table":1,"minecraft:bread":296,"minecraft:air":0,"minecraft:oak_boat":2,"minecraft:shield":1,"minecraft:stick":28,"minecraft:iron_ingot":2,"minecraft:iron_shovel":1,"minecraft:shears":1},"minecraft:mined":{"minecraft:white_bed":47,"minecraft:brewing_stand":1,"minecraft:granite":6,"minecraft:grass_block":162,"minecraft:spruce_leaves":10,"minecraft:composter":2,"minecraft:hay_block":130,"minecraft:oak_trapdoor":2,"minecraft:furnace":3,"minecraft:carrots":13,"minecraft:fire":33,"minecraft:snow":2,"minecraft:andesite":4,"minecraft:fletching_table":2,"minecraft:gold_block":1,"minecraft:potatoes":15,"minecraft:stripped_oak_log":1,"minecraft:stone":42,"minecraft:tripwire":3,"minecraft:oak_slab":21,"minecraft:glass_pane":1,"minecraft:red_bed":1,"minecraft:spruce_door":3,"minecraft:dandelion":1,"minecraft:oak_fence":1,"minecraft:torch":2,"minecraft:blast_furnace":1,"minecraft:chest":1,"minecraft:tall_grass":8,"minecraft:cobblestone":56,"minecraft:sugar_cane":7,"minecraft:oak_planks":102,"minecraft:diorite":3,"minecraft:wall_torch":4,"minecraft:redstone_torch":1,"minecraft:wheat":12,"minecraft:spruce_log":7,"minecraft:yellow_bed":12,"minecraft:grass":48,"minecraft:oak_log":75,"minecraft:beetroots":2,"minecraft:oak_fence_gate":1,"minecraft:sand":6,"minecraft:dirt":103,"minecraft:tripwire_hook":4,"minecraft:netherrack":4,"minecraft:oak_leaves":2}},"DataVersion":3465}