{"stats":{"minecraft:killed":{"minecraft:spider":8,"minecraft:skeleton":7,"minecraft:iron_golem":9,"minecraft:creeper":8,"minecraft:zombie":41,"minecraft:villager":8},"minecraft:picked_up":{"minecraft:iron_chestplate":4,"minecraft:wheat":18,"minecraft:azure_bluet":2,"minecraft:ladder":3,"minecraft:gold_block":3,"minecraft:brewing_stand":1,"minecraft:golden_sword":2,"minecraft:string":16,"minecraft:oak_trapdoor":2,"minecraft:red_bed":1,"minecraft:iron_axe":2,"minecraft:flint_and_steel":3,"minecraft:iron_leggings":3,"minecraft:iron_shovel":2,"minecraft:beetroot":2,"minecraft:cobbled_deepslate":3,"minecraft:smooth_stone":1,"minecraft:spruce_planks":56,"minecraft:redstone_torch":4,"minecraft:iron_nugget":42,"minecraft:poppy":13,"minecraft:iron_pickaxe":4,"minecraft:sugar_cane":13,"minecraft:chest":1,"minecraft:iron_boots":2,"minecraft:furnace":3,"minecraft:composter":2,"minecraft:oak_fence":1,"minecraft:torch":20,"minecraft:snow_block":1,"minecraft:diorite":3,"minecraft:carrot":58,"minecraft:arrow":8,"minecraft:rotten_flesh":27,"minecraft:beetroot_seeds":8,"minecraft:hay_block":130,"minecraft:snowball":43,"minecraft:cobblestone":194,"minecraft:stripped_oak_log":1,"minecraft:tripwire_hook":4,"minecraft:water_bucket":2,"minecraft:andesite":28,"minecraft:leather":7,"minecraft:potato":24,"minecraft:filled_map":1,"minecraft:oak_log":168,"minecraft:yellow_bed":12,"minecraft:golden_boots":4,"minecraft:gunpowder":11,"minecraft:lapis_lazuli":53,"minecraft:dirt":331,"minecraft:leather_boots":1,"minecraft:bone":13,"minecraft:kelp":25,"minecraft:wheat_seeds":46,"minecraft:bell":1,"minecraft:oak_fence_gate":1,"minecraft:iron_ingot":260,"minecraft:fletching_table":2,"minecraft:iron_sword":6,"minecraft:oak_planks":108,"minecraft:oak_slab":64,"minecraft:dandelion":12,"minecraft:gravel":1,"minecraft:sand":7,"minecraft:blast_furnace":1,"minecraft:white_bed":55,"minecraft:spruce_log":7,"minecraft:spruce_door":3,"minecraft:spider_eye":3,"minecraft:spruce_boat":12,"minecraft:lever":1,"minecraft:iron_helmet":3,"minecraft:granite":6,"minecraft:bread":628,"minecraft:oak_sapling":2,"minecraft:coal":211},"minecraft:dropped":{"minecraft:water_bucket":1,"minecraft:iron_ingot":23,"minecraft:bread":97,"minecraft:iron_sword":2,"minecraft:wheat_seeds":21,"minecraft:baked_potato":10,"minecraft:iron_helmet":1,"minecraft:cobblestone":18,"minecraft:dirt":1,"minecraft:snowball":9,"minecraft:iron_leggings":1,"minecraft:iron_axe":1,"minecraft:iron_shovel":1,"minecraft:string":1,"minecraft:zombie_spawn_egg":1,"minecraft:oak_trapdoor":1,"minecraft:iron_nugget":16,"minecraft:iron_boots":1,"minecraft:white_bed":3,"minecraft:flint_and_steel":1,"minecraft:diamond_sword":1,"minecraft:poppy":7,"minecraft:potato":3,"minecraft:spruce_boat":1,"minecraft:stone":1,"minecraft:gunpowder":1,"minecraft:iron_chestplate":2,"minecraft:beetroot_seeds":3,"minecraft:andesite":7,"minecraft:leather_boots":1,"minecraft:redstone_torch":2,"minecraft:arrow":2},"minecraft:custom":{"minecraft:interact_with_anvil":3,"minecraft:mob_kills":83,"minecraft:animals_bred":6,"minecraft:interact_with_crafting_table":27,"minecraft:leave_game":21,"minecraft:time_since_death":293082,"minecraft:climb_one_cm":38706,"minecraft:sprint_one_cm":509916,"minecraft:walk_one_cm":1241511,"minecraft:damage_blocked_by_shield":435,"minecraft:drop":75,"minecraft:talked_to_villager":30,"minecraft:play_time":447696,"minecraft:deaths":4,"minecraft:sneak_time":16652,"minecraft:walk_under_water_one_cm":98833,"minecraft:boat_one_cm":730747,"minecraft:jump":3665,"minecraft:interact_with_blast_furnace":1,"minecraft:walk_on_water_one_cm":55459,"minecraft:total_world_time":447696,"minecraft:interact_with_furnace":9,"minecraft:sleep_in_bed":17,"minecraft:time_since_rest":140059,"minecraft:damage_taken":3628,"minecraft:damage_dealt":20564,"minecraft:swim_one_cm":3530,"minecraft:fly_one_cm":1199035,"minecraft:player_kills":1,"minecraft:open_chest":39,"minecraft:crouch_one_cm":54900,"minecraft:fall_one_cm":64969},"minecraft:killed_by":{"minecraft:skeleton":3},"minecraft:used":{"minecraft:oak_fence":1,"minecraft:oak_trapdoor":43,"minecraft:beetroot":2,"minecraft:iron_shovel":156,"minecraft:flint_and_steel":43,"minecraft:spruce_slab":1,"minecraft:ladder":141,"minecraft:diamond_hoe":67,"minecraft:oak_sign":13,"minecraft:chest":8,"minecraft:spruce_planks":147,"minecraft:shield":16,"minecraft:iron_sword":174,"minecraft:stone":462,"minecraft:zombie_spawn_egg":16,"minecraft:iron_chestplate":1,"minecraft:torch":187,"minecraft:brewing_stand":1,"minecraft:soul_sand":1,"minecraft:dirt":535,"minecraft:anvil":2,"minecraft:white_carpet":21,"minecraft:hopper":13,"minecraft:cobblestone_wall":2,"minecraft:carrot":29,"minecraft:granite":6,"minecraft:oak_fence_gate":10,"minecraft:milk_bucket":1,"minecraft:spruce_boat":10,"minecraft:glass":85,"minecraft:lava_bucket":3,"minecraft:villager_spawn_egg":29,"minecraft:iron_axe":397,"minecraft:grass_block":391,"minecraft:spawner":1,"minecraft:iron_helmet":1,"minecraft:iron_boots":2,"minecraft:bedrock":5,"minecraft:tripwire_hook":4,"minecraft:hay_block":2,"minecraft:furnace":5,"minecraft:potato":2,"minecraft:iron_leggings":1,"minecraft:water_bucket":39,"minecraft:diorite":3,"minecraft:cobblestone_stairs":12,"minecraft:snow_block":1,"minecraft:spruce_door":3,"minecraft:baked_potato":10,"minecraft:oak_planks":422,"minecraft:composter":2,"minecraft:fletching_table":3,"minecraft:cobblestone_slab":39,"minecraft:sand":3,"minecraft:oak_slab":198,"minecraft:crafting_table":4,"minecraft:red_bed":1,"minecraft:blast_furnace":2,"minecraft:white_bed":66,"minecraft:sponge":3,"minecraft:shears":1,"minecraft:redstone_torch":2,"minecraft:lever":1,"minecraft:diamond_pickaxe":7,"minecraft:iron_pickaxe":133,"minecraft:bread":45,"minecraft:string":9,"minecraft:lectern":2,"minecraft:deepslate":133,"minecraft:gravel":1,"minecraft:diamond_sword":163,"minecraft:cobblestone":59,"minecraft:bucket":27,"minecraft:yellow_bed":12,"minecraft:oak_boat":6,"minecraft:kelp":27,"minecraft:bone_meal":3},"minecraft:crafted":{"minecraft:oak_planks":552,"minecraft:furnace":2,"minecraft:lever":1,"minecraft:bone_meal":3,"minecraft:oak_trapdoor":2,"minecraft:iron_axe":1,"minecraft:ladder":6,"minecraft:chest":2,"minecraft:spruce_boat":2,"minecraft:wheat":883,"minecraft:oak_slab":220,"minecraft:crafting_table":3,"minecraft:spruce_planks":28,"minecraft:baked_potato":20,"minecraft:iron_sword":2,"minecraft:fletching_table":1,"minecraft:bread":296,"minecraft:air":0,"minecraft:oak_boat":2,"minecraft:shield":1,"minecraft:stick":28,"minecraft:iron_ingot":2,"minecraft:iron_shovel":1,"minecraft:shears":1},"minecraft:mined":{"minecraft:white_bed":47,"minecraft:brewing_stand":1,"minecraft:granite":6,"minecraft:grass_block":162,"minecraft:spruce_leaves":10,"minecraft:composter":2,"minecraft:hay_block":130,"minecraft:oak_trapdoor":2,"minecraft:furnace":3,"minecraft:carrots":13,"minecraft:fire":33,"minecraft:snow":2,"minecraft:andesite":4,"minecraft:fletching_table":2,"minecraft:gold_block":1,"minecraft:potatoes":15,"minecraft:stripped_oak_log":1,"minecraft:stone":42,"minecraft:tripwire":3,"minecraft:oak_slab":21,"minecraft:glass_pane":1,"minecraft:red_bed":1,"minecraft:spruce_door":3,"minecraft:dandelion":1,"minecraft:oak_fence":1,"minecraft:torch":2,"minecraft:blast_furnace":1,"minecraft:chest":1,"minecraft:tall_grass":8,"minecraft:cobblestone":56,"minecraft:sugar_cane":7,"minecraft:oak_planks":102,"minecraft:diorite":3,"minecraft:wall_torch":4,"minecraft:redstone_torch":1,"minecraft:wheat":12,"minecraft:spruce_log":7,"minecraft:yellow_bed":12,"minecraft:grass":48,"minecraft:oak_log":75,"minecraft:beetroots":2,"minecraft:oak_fence_gate":1,"minecraft:sand":6,"minecraft:dirt":103,"minecraft:tripwire_hook":4,"minecraft:netherrack":4,"minecraft:oak_leaves":2}},"DataVersion":3465}