{"stats":{"minecraft:killed_by":{"minecraft:player":3,"minecraft:skeleton":1,"minecraft:stray":1,"minecraft:creeper":1},"minecraft:dropped":{"minecraft:wooden_pickaxe":1},"minecraft:custom":{"minecraft:time_since_rest":1401,"minecraft:interact_with_furnace":9,"minecraft:sprint_one_cm":1936,"minecraft:damage_taken":1738,"minecraft:walk_one_cm":102270,"minecraft:drop":1,"minecraft:interact_with_crafting_table":12,"minecraft:fly_one_cm":4159,"minecraft:open_chest":1,"minecraft:crouch_one_cm":634,"minecraft:play_time":50093,"minecraft:deaths":6,"minecraft:sneak_time":123,"minecraft:jump":267,"minecraft:leave_game":4,"minecraft:walk_on_water_one_cm":294,"minecraft:time_since_death":776,"minecraft:total_world_time":50093,"minecraft:fall_one_cm":9712},"minecraft:broken":{"minecraft:stone_pickaxe":1},"minecraft:used":{"minecraft:stone_pickaxe":131,"minecraft:iron_pickaxe":26,"minecraft:wooden_pickaxe":3,"minecraft:torch":2,"minecraft:dirt":7,"minecraft:crafting_table":3,"minecraft:furnace":1},"minecraft:crafted":{"minecraft:crafting_table":3,"minecraft:spruce_planks":28,"minecraft:stick":8,"minecraft:wooden_pickaxe":1,"minecraft:iron_ingot":3,"minecraft:iron_pickaxe":1,"minecraft:stone_pickaxe":1,"minecraft:furnace":1,"minecraft:torch":4,"minecraft:air":0},"minecraft:picked_up":{"minecraft:crafting_table":2,"minecraft:raw_iron":34,"minecraft:andesite":12,"minecraft:wooden_pickaxe":1,"minecraft:diorite":25,"minecraft:spruce_log":7,"minecraft:dirt":12,"minecraft:bone":2,"minecraft:granite":6,"minecraft:iron_ingot":3,"minecraft:coal":24,"minecraft:cobblestone":79,"minecraft:furnace":1},"minecraft:mined":{"minecraft:large_fern":2,"minecraft:furnace":1,"minecraft:iron_ore":20,"minecraft:spruce_log":7,"minecraft:andesite":12,"minecraft:crafting_table":2,"minecraft:granite":6,"minecraft:coal_ore":13,"minecraft:grass_block":10,"minecraft:dirt":2,"minecraft:spruce_leaves":1,"minecraft:stone":79,"minecraft:diorite":25}},"DataVersion":3465}